{
  "loss_final": 0.06674956610572728,
  "epochs": 10000,
  "max_error_bits": 1,
  "avg_error_bits": 0.09375,
  "errores_por_char": [
    0,
    1,
    0,
    0,
    0,
    0,
    0,
    1,
    0,
    0,
    0,
    0,
    1,
    0,
    0,
    0,
    0,
    0,
    0,
    0,
    0,
    0,
    0,
    0,
    0,
    0,
    0,
    0,
    0,
    0,
    0,
    0
  ]
}