{
  "loss_final": 0.13210899639742507,
  "epochs": 10000,
  "max_error_bits": 30,
  "avg_error_bits": 6.78125,
  "errores_por_char": [
    2,
    0,
    3,
    3,
    0,
    0,
    12,
    13,
    8,
    8,
    2,
    0,
    7,
    7,
    5,
    7,
    14,
    0,
    6,
    11,
    14,
    5,
    6,
    5,
    0,
    11,
    11,
    10,
    5,
    6,
    6,
    30
  ]
}