{
  "loss_final": 0.11361959855654805,
  "epochs": 10000,
  "max_error_bits": 18,
  "avg_error_bits": 5.53125,
  "errores_por_char": [
    1,
    4,
    7,
    7,
    10,
    8,
    6,
    8,
    5,
    5,
    3,
    2,
    2,
    6,
    2,
    6,
    6,
    11,
    4,
    8,
    6,
    3,
    6,
    5,
    5,
    6,
    3,
    9,
    0,
    2,
    3,
    18
  ]
}