{
  "loss_final": 0.3220096847937509,
  "epochs": 10000,
  "max_error_bits": 7,
  "avg_error_bits": 3.15625,
  "errores_por_char": [
    5,
    7,
    7,
    4,
    4,
    3,
    4,
    1,
    4,
    4,
    4,
    3,
    2,
    2,
    0,
    2,
    5,
    6,
    2,
    4,
    4,
    1,
    3,
    4,
    4,
    2,
    0,
    2,
    0,
    3,
    3,
    2
  ]
}