{
  "loss_final": 0.30662835753191875,
  "epochs": 10000,
  "max_error_bits": 7,
  "avg_error_bits": 1.46875,
  "errores_por_char": [
    0,
    0,
    3,
    0,
    1,
    0,
    5,
    0,
    3,
    0,
    1,
    0,
    3,
    4,
    2,
    0,
    1,
    1,
    1,
    2,
    0,
    0,
    2,
    0,
    3,
    1,
    1,
    3,
    1,
    2,
    0,
    7
  ]
}