{
  "loss_final": 0.20991543807314172,
  "epochs": 10000,
  "max_error_bits": 4,
  "avg_error_bits": 0.90625,
  "errores_por_char": [
    0,
    1,
    0,
    0,
    0,
    2,
    3,
    2,
    1,
    0,
    1,
    0,
    1,
    1,
    3,
    2,
    1,
    1,
    0,
    0,
    0,
    2,
    0,
    4,
    0,
    1,
    0,
    0,
    0,
    1,
    1,
    1
  ]
}